Constituency name,Result,First party,Second party,Electorate,Valid votes,Invalid votes,Majority,Con,Lab,LD,RUK,Green,SNP,,
Aberafan Maesteg,Lab hold,Lab,RUK,72580,35755,79,10354,2903,17838,916,7484,1094,0,,
Aberdeen North,SNP hold,SNP,Lab,75925,42095,115,1760,5881,12773,2583,3781,1275,14533,,
Aberdeen South,SNP hold,SNP,Lab,77328,46345,178,3758,11300,11455,2921,3199,1609,15213,,
Aberdeenshire North and Moray East,SNP gain from Con,SNP,Con,70058,38188,170,942,12513,3876,2782,5562,0,13455,,
Airdrie and Shotts,Lab gain from SNP,Lab,SNP,70199,36666,95,7547,1696,18871,725,2971,0,11324,,
Aldershot,Lab gain from Con,Lab,Con,78553,48544,179,5683,14081,19764,4052,8210,2155,0,,
Aldridge-Brownhills,Con hold,Con,Lab,70268,40912,156,4294,15901,11607,1755,9903,1746,0,,
Alloa and Grangemouth,Lab gain from SNP,Lab,SNP,70680,41201,74,6122,3127,18039,1151,3804,1421,11917,,
Altrincham and Sale West,Lab gain from Con,Lab,Con,74025,51452,184,4174,16624,20798,4727,4961,3699,0,,
Alyn and Deeside,Lab hold,Lab,RUK,75790,43392,135,8794,7892,18395,2065,9601,1926,0,,
Amber Valley,Lab gain from Con,Lab,RUK,71546,42531,105,3554,10725,15746,1590,12192,2278,0,,
Angus and Perthshire Glens,SNP hold,SNP,Con,76668,47348,224,4870,14272,6799,3156,3246,0,19142,,
Arbroath and Broughty Ferry,SNP hold,SNP,Lab,76149,44117,161,859,6841,14722,2249,3800,0,15581,,
"Argyll, Bute and South Lochaber",SNP hold,SNP,Con,71756,44862,216,6232,9350,8585,7359,3045,0,15582,,
Arundel and South Downs,Con hold,Con,LD,77969,54740,214,12134,22001,9782,9867,7391,5515,0,,
Ashfield,RUK gain from Con,RUK,Lab,68929,39882,102,5508,3271,11554,619,17062,1100,0,,
Ashford,Lab gain from Con,Lab,Con,76233,46975,164,1779,13483,15262,2445,10141,4355,0,,
Ashton-under-Lyne,Lab hold,Lab,RUK,71002,35461,136,6791,4375,15575,1411,8784,2481,0,,
Aylesbury,Lab gain from Con,Lab,Con,79169,49940,213,630,14451,15081,10440,6746,2590,0,,
"Ayr, Carrick and Cumnock",Lab gain from SNP,Lab,SNP,70340,40936,120,4154,9247,14930,1081,3544,886,10776,,
Banbury,Lab gain from Con,Lab,Con,73250,48178,187,3256,15212,18468,4352,6284,2615,0,,
Bangor Aberconwy,Lab gain from Con,Lab,PC,70527,41660,154,4896,9036,14008,1524,6091,1361,0,,
Barking,Lab hold,Lab,RUK,79822,36477,120,11054,4294,16227,1015,5173,4988,0,,
Barnsley North,Lab hold,Lab,RUK,78274,36894,114,7811,3083,18610,1336,10799,1805,0,,
Barnsley South,Lab hold,Lab,RUK,75853,35082,78,4748,3247,16399,1172,11651,1521,0,,
Barrow and Furness,Lab gain from Con,Lab,Con,74980,42221,141,5324,13213,18537,1680,7035,1466,0,,
Basildon and Billericay,Con hold,Con,Lab,76873,42124,176,20,12905,12885,2292,11354,2123,0,,
Basingstoke,Lab gain from Con,Lab,Con,78487,48989,189,6484,14438,20922,3176,6314,3568,0,,
Bassetlaw,Lab gain from Con,Lab,Con,78161,44878,150,5768,12708,18476,1996,9751,1947,0,,
Bath,LD hold,LD,Lab,69662,48130,192,11218,7659,8665,19883,3798,5952,0,,
Bathgate and Linlithgow,Lab gain from SNP,Lab,SNP,72185,42065,92,8323,3144,19774,2171,3524,1390,11451,,
Battersea,Lab hold,Lab,Con,72827,47082,237,12039,10944,22983,4826,2825,4239,0,,
Beaconsfield,Con hold,Con,LD,72751,47726,162,5455,18494,7216,13039,6055,1977,0,,
Beckenham and Penge,Lab hold,Lab,Con,77198,52222,218,12905,12848,25753,4436,5355,3830,0,,
Bedford,Lab hold,Lab,Con,72478,40659,210,9430,8912,18342,4025,4548,2394,0,,
Belfast East,DUP hold,DUP,APNI,72917,42706,184,2676,0,0,0,0,1077,0,,
Belfast North,SF hold,SF,DUP,74240,40452,293,5612,0,0,0,0,1206,0,,
Belfast South and Mid Down,SDLP hold,SDLP,APNI,74749,43491,266,12506,0,0,0,0,1577,0,,
Belfast West,SF hold,SF,PBPA,75346,39743,256,15961,0,0,0,0,451,0,,
Bermondsey and Old Southwark,Lab hold,Lab,LD,69482,37603,180,7787,2879,16857,9070,3397,4477,0,,
"Berwickshire, Roxburgh and Selkirk",Con hold,Con,SNP,76438,46558,138,6599,18872,6311,3686,3340,1526,12273,,
Bethnal Green and Stepney,Lab hold,Lab,Ind,81439,46647,320,1689,1920,15896,4777,1964,6391,0,,
Beverley and Holderness,Con hold,Con,Lab,71994,44897,144,124,15501,15377,3386,8198,1647,0,,
Bexhill and Battle,Con hold,Con,Lab,72198,47750,188,2657,16186,13529,3473,7929,2972,0,,
Bexleyheath and Crayford,Lab gain from Con,Lab,Con,70297,43461,118,2114,13603,15717,2204,9861,2076,0,,
Bicester and Woodstock,LD gain from Con,LD,Con,74353,50219,167,4958,14461,8236,19419,5408,2404,0,,
Birkenhead,Lab hold,Lab,Green,78091,43134,142,13798,3238,22468,2292,6142,8670,0,,
Birmingham Edgbaston,Lab hold,Lab,Con,71787,37428,179,8368,8231,16599,2102,4363,2797,0,,
Birmingham Erdington,Lab hold,Lab,RUK,77463,34137,152,7019,5402,14774,1128,7755,2452,0,,
Birmingham Hall Green and Moseley,Lab hold,Lab,Ind,76936,41606,256,5656,3845,12798,4711,2305,3913,0,,
Birmingham Hodge Hill and Solihull North,Lab hold,Lab,WPB,77737,34136,127,1566,4634,10655,942,6456,2360,0,,
Birmingham Ladywood,Lab hold,Lab,Ind,83693,36579,203,3421,2218,15558,1711,1477,3478,0,,
Birmingham Northfield,Lab gain from Con,Lab,Con,74048,37652,138,5389,9540,14929,1791,7895,2809,0,,
Birmingham Perry Barr,Ind gain from Lab,Ind,Lab,76350,37476,211,507,4227,12796,1302,2446,2440,0,,
Birmingham Selly Oak,Lab hold,Lab,Con,75678,38423,144,11537,5834,17371,2324,5732,4320,0,,
Birmingham Yardley,Lab hold,Lab,WPB,73203,36144,128,693,3634,11275,3634,5061,1958,0,,
Bishop Auckland,Lab gain from Con,Lab,Con,70745,40427,133,6672,10364,17036,1373,9466,1857,0,,
Blackburn,Ind gain from Lab,Ind,Lab,73263,38887,163,132,3474,10386,689,4844,1416,0,,
Blackley and Middleton South,Lab hold,Lab,RUK,72303,31340,149,10250,3073,16864,1592,6614,3197,0,,
Blackpool North and Fleetwood,Lab gain from Con,Lab,Con,73339,41810,128,4647,12097,16744,1318,9913,1269,0,,
Blackpool South,Lab gain from Con,Lab,RUK,77460,35180,129,6848,5504,16916,1041,10068,1207,0,,
Blaenau Gwent and Rhymney,Lab hold,Lab,PC,70153,29922,516,12183,3776,16027,1268,0,1719,0,,
Blaydon and Consett,Lab hold,Lab,RUK,70487,42216,120,11153,6052,21160,2273,10007,2589,0,,
Blyth and Ashington,Lab hold,Lab,RUK,76595,40401,126,9173,6121,20030,1433,10857,1960,0,,
Bognor Regis and Littlehampton,Con hold,Con,Lab,76854,47827,186,1765,15678,13913,5081,10262,2185,0,,
Bolsover,Lab gain from Con,Lab,Con,77207,42434,111,6323,10874,17197,1478,9131,3754,0,,
Bolton North East,Lab gain from Con,Lab,Con,80011,43359,148,6653,9513,16166,1507,9428,4683,0,,
Bolton South and Walkden,Lab hold,Lab,RUK,79622,36930,138,6743,4170,15093,1384,8350,2827,0,,
Bolton West,Lab gain from Con,Lab,Con,74933,44598,180,4945,12418,17363,1966,8517,4132,0,,
Bootle,Lab hold,Lab,RUK,73037,38880,139,21983,1674,26729,1301,4746,3904,0,,
Boston and Skegness,RUK gain from Con,RUK,Con,75811,40455,128,2010,13510,7629,1375,15520,1506,0,,
Bournemouth East,Lab gain from Con,Lab,Con,72354,44910,143,5479,12837,18316,3082,6268,2790,0,,
Bournemouth West,Lab gain from Con,Lab,Con,70259,39418,137,3224,11141,14365,4311,6647,2614,0,,
Bracknell,Lab gain from Con,Lab,Con,71660,43837,155,784,13999,14783,4768,7445,2166,0,,
Bradford East,Lab hold,Lab,Ind,75164,37216,148,6189,3450,14098,1910,4952,2571,0,,
Bradford South,Lab hold,Lab,RUK,70999,33042,91,4392,4853,11833,954,7441,3366,0,,
Bradford West,Lab hold,Lab,Ind,77897,37081,219,707,3055,11724,756,2958,3690,0,,
Braintree,Con hold,Con,Lab,77673,49028,167,3670,17414,13744,2879,11346,2878,0,,
"Brecon, Radnor and Cwm Tawe",LD gain from Con,LD,Con,73114,46548,120,1472,12264,9904,13736,6567,1188,0,,
Brent East,Lab hold,Lab,Con,77547,37802,243,13047,6323,19370,2635,2024,3729,0,,
Brent West,Lab hold,Lab,Con,80027,41376,199,3793,13465,17258,3013,2061,2805,0,,
Brentford and Isleworth,Lab hold,Lab,Con,79423,45254,219,9824,10183,20007,3863,3940,4029,0,,
Brentwood and Ongar,Con hold,Con,RUK,75352,48332,169,5980,17731,11082,5809,11751,1770,0,,
Bridgend,Lab gain from Con,Lab,RUK,73168,41374,108,8595,6764,16516,1446,7921,1760,0,,
Bridgwater,Con hold,Con,Lab,71571,40129,149,1349,12281,10932,5781,8913,1720,0,,
Bridlington and The Wolds,Con hold,Con,Lab,74438,42937,140,3125,14846,11721,3097,10350,1595,0,,
Brigg and Immingham,Con hold,Con,Lab,73099,42508,168,3243,15905,12662,1442,10594,1905,0,,
Brighton Kemptown and Peacehaven,Lab hold,Lab,Con,68784,40686,557,9663,8230,17893,3949,0,7997,0,,
Brighton Pavilion,Green hold,Green,Lab,74786,52363,209,14290,3975,14519,1604,2836,28809,0,,
Bristol Central,Green gain from Lab,Green,Lab,62735,43365,165,10407,1998,14132,1162,1338,24539,0,,
Bristol East,Lab hold,Lab,Green,75917,46109,845,6606,6435,20748,2713,0,14142,0,,
Bristol North East,Lab hold,Lab,Green,70076,41989,160,11167,6216,19004,1964,5418,7837,0,,
Bristol North West,Lab hold,Lab,Green,74869,48464,264,15669,6773,24058,4159,4863,8389,0,,
Bristol South,Lab hold,Lab,Green,75533,43403,179,7666,4947,18521,2721,6195,10855,0,,
Broadland and Fakenham,Con hold,Con,Lab,76863,49513,192,719,16322,15603,5526,8859,3203,0,,
Bromley and Biggin Hill,Con hold,Con,Lab,70713,46788,173,302,15929,15627,4352,8203,2583,0,,
Bromsgrove,Con hold,Con,Lab,76468,50405,140,3016,16533,13517,7391,9584,1675,0,,
Broxbourne,Con hold,Con,Lab,75210,42952,142,2858,15810,12952,2688,8782,2461,0,,
Broxtowe,Lab gain from Con,Lab,Con,70440,47838,165,8403,11158,19561,3807,8402,3488,0,,
Buckingham and Bletchley,Lab gain from Con,Lab,Con,74832,47641,206,2421,15181,17602,4300,7468,2590,0,,
Burnley,Lab gain from Con,Lab,LD,74954,39719,130,3420,8058,12598,9178,7755,1518,0,,
Burton and Uttoxeter,Lab gain from Con,Lab,Con,77994,45627,161,2266,13956,16222,1663,9611,2119,0,,
Bury North,Lab gain from Con,Lab,Con,77686,45520,174,6944,12681,19625,1317,7385,1747,0,,
Bury South,Lab gain from Con,Lab,Con,75326,42214,170,9361,9886,19247,1796,6865,2715,0,,
Bury St Edmunds and Stowmarket,Lab gain from Con,Lab,Con,78479,50893,193,1452,15293,16745,3154,8595,5761,0,,
Caerfyrddin,PC gain from Con,PC,Lab,74005,45604,187,4535,8825,10985,1461,6944,1371,0,,
Caerphilly,Lab hold,Lab,PC,72648,38234,156,6419,4385,14538,1788,7754,1650,0,,
"Caithness, Sutherland and Easter Ross",LD gain from SNP,LD,SNP,74627,46048,122,10489,1860,3409,22736,3360,1641,12247,,
Calder Valley,Lab gain from Con,Lab,Con,77364,49608,188,8991,13055,22046,2587,7644,3701,0,,
Camborne and Redruth,Lab gain from Con,Lab,Con,74342,47785,196,7806,11554,19360,4113,8952,2840,0,,
Cambridge,Lab hold,Lab,LD,70321,42100,372,11078,5073,19614,8536,0,6842,0,,
Cannock Chase,Lab gain from Con,Lab,Con,76974,42953,119,3125,12546,15671,1029,11570,2137,0,,
Canterbury,Lab hold,Lab,Con,71155,47231,173,8653,10878,19531,3812,6805,5920,0,,
Cardiff East,Lab hold,Lab,LD,72876,39123,172,9097,3913,15833,6736,4980,3916,0,,
Cardiff North,Lab hold,Lab,Con,71460,47473,232,11207,9642,20849,3168,5985,3160,0,,
Cardiff South and Penarth,Lab hold,Lab,Green,73060,39176,221,11767,5459,17428,2908,4493,5661,0,,
Cardiff West,Lab hold,Lab,PC,75697,44757,195,7019,6835,16442,1921,5626,3157,0,,
Carlisle,Lab gain from Con,Lab,Con,77863,45979,152,5200,12929,18129,2982,9295,1922,0,,
Carshalton and Wallington,LD gain from Con,LD,Con,74362,46670,117,7905,12221,6108,20126,5941,1517,0,,
Castle Point,Con hold,Con,RUK,71026,40633,138,3251,15485,9455,1341,12234,2118,0,,
Central Ayrshire,Lab gain from SNP,Lab,SNP,69413,41419,123,6869,6147,18091,983,3420,1039,11222,,
Central Devon,Con hold,Con,Lab,75385,53432,211,61,16831,16770,8232,7784,3338,0,,
Central Suffolk and North Ipswich,Con hold,Con,Lab,73046,46423,215,4290,15144,10854,5407,8806,5652,0,,
Ceredigion Preseli,PC hold,PC,LD,75690,46302,155,14789,4763,5386,6949,5374,1864,0,,
Chatham and Aylesford,Lab gain from Con,Lab,Con,75109,40845,124,1998,11691,13689,2175,9989,2504,0,,
Cheadle,LD gain from Con,LD,Con,74383,50731,110,12235,11446,7909,23681,5149,1630,0,,
Chelmsford,LD gain from Con,LD,Con,76970,50716,139,4753,15461,6108,20214,6754,1588,0,,
Chelsea and Fulham,Lab gain from Con,Lab,Con,78468,47116,184,152,18404,18556,3611,3144,2798,0,,
Cheltenham,LD gain from Con,LD,Con,76144,49542,986,7210,17866,2665,25076,0,3160,0,,
Chesham and Amersham,LD gain from Con,LD,Con,74889,54455,161,5451,18971,3502,24422,5310,1673,0,,
Chester North and Neston,Lab hold,Lab,Con,70215,44694,216,11870,10388,22258,2076,5870,4102,0,,
Chester South and Eddisbury,Con hold,Con,Lab,74284,52486,155,3057,19905,16848,5430,6414,2278,0,,
Chesterfield,Lab hold,Lab,Con,71645,41555,135,10820,8496,19316,2553,7897,2682,0,,
Chichester,LD gain from Con,LD,Con,78374,51947,146,12172,13368,3175,25540,7859,1815,0,,
Chingford and Woodford Green,Con hold,Con,Lab,74010,48512,135,4757,17281,12524,1275,3653,1334,0,,
Chippenham,LD gain from Con,LD,Con,74107,49512,157,8138,14414,3925,22552,6127,1954,0,,
Chipping Barnet,Lab gain from Con,Lab,Con,78038,50859,209,2914,18671,21585,2614,3986,3442,0,,
Chorley,Spk hold,Spk,Green,74801,33964,1198,20575,0,0,0,0,4663,0,,
Christchurch,Con hold,Con,LD,71060,47335,143,7455,16941,7762,9486,8961,1900,0,,
Cities of London and Westminster,Lab gain from Con,Lab,Con,73369,39215,202,2708,12594,15302,4335,2752,2844,0,,
City of Durham,Lab hold,Lab,RUK,70583,40627,165,11757,5221,19131,5920,7374,2803,0,,
Clacton,RUK gain from Con,RUK,Con,78245,45958,111,8405,12820,7448,2016,21225,1935,0,,
Clapham and Brixton Hill,Lab hold,Lab,LD,83114,42741,209,18005,4360,24166,6161,1758,5768,0,,
Clwyd East,Lab gain from Con,Lab,Con,76637,47822,163,4622,13862,18484,1859,7626,1659,0,,
Clwyd North,Lab gain from Con,Lab,Con,75027,41627,111,1196,13598,14794,1685,7000,1391,0,,
Coatbridge and Bellshill,Lab gain from SNP,Lab,SNP,72667,38731,115,6344,1382,19291,671,2601,1229,12947,,
Colchester,Lab gain from Con,Lab,Con,78662,44903,156,8250,10554,18804,6393,6664,2414,0,,
Colne Valley,Lab gain from Con,Lab,Con,72638,46221,139,4963,14007,18970,2007,7298,3480,0,,
Congleton,Lab gain from Con,Lab,Con,74243,50125,153,3387,15488,18875,2785,8245,2007,0,,
Corby and East Northamptonshire,Lab gain from Con,Lab,Con,78770,49589,165,6331,14689,21020,2191,8760,2507,0,,
Coventry East,Lab hold,Lab,RUK,75773,37014,144,11623,6240,18308,1227,6685,2730,0,,
Coventry North West,Lab hold,Lab,Con,75036,42030,180,11174,8522,19696,1931,7950,3420,0,,
Coventry South,Lab hold,Lab,Con,76232,42731,159,10201,10160,20361,2531,5711,2363,0,,
Cowdenbeath and Kirkcaldy,Lab gain from SNP,Lab,SNP,71845,40814,106,7248,3203,18662,1593,3128,1556,11414,,
Cramlington and Killingworth,Lab hold,Lab,RUK,76228,45394,128,12820,8592,22274,1898,9454,2144,0,,
Crawley,Lab gain from Con,Lab,Con,75569,45642,190,5235,12218,17453,2205,8447,2621,0,,
Crewe and Nantwich,Lab gain from Con,Lab,Con,78423,47197,140,9727,11110,20837,2286,9602,2151,0,,
Croydon East,Lab hold,Lab,Con,76595,43779,174,6825,11716,18541,3563,5862,4097,0,,
Croydon South,Con hold,Con,Lab,74889,49378,159,2313,19757,17444,4384,4149,2859,0,,
Croydon West,Lab hold,Lab,Con,77891,38122,172,14226,6386,20612,3667,2148,3851,0,,
Cumbernauld and Kirkintilloch,Lab gain from SNP,Lab,SNP,70350,40976,170,4144,1939,18513,1294,3167,1694,14369,,
Dagenham and Rainham,Lab hold,Lab,RUK,76475,38867,118,7173,6926,16571,1033,9398,4184,0,,
Darlington,Lab gain from Con,Lab,Con,70672,42378,121,2298,14323,16621,1735,6852,2847,0,,
Dartford,Lab gain from Con,Lab,Con,75426,44488,272,1192,14200,15392,2184,9523,3189,0,,
Daventry,Con hold,Con,Lab,80879,53082,216,3012,17872,14860,6755,10636,2959,0,,
Derby North,Lab gain from Con,Lab,Con,71879,40919,187,8915,9704,18619,1822,7488,3286,0,,
Derby South,Lab hold,Lab,RUK,72944,37399,145,6002,5192,14503,1807,8501,1899,0,,
Derbyshire Dales,Lab gain from Con,Lab,Con,73324,51272,173,350,17409,17759,4860,7728,2830,0,,
Dewsbury and Batley,Ind gain from Lab,Ind,Lab,71685,38070,131,6934,4182,8707,1340,6152,2048,0,,
Didcot and Wantage,LD gain from Con,LD,Con,80689,54733,215,6233,15560,8045,21793,6400,2693,0,,
Doncaster Central,Lab hold,Lab,Con,74678,37944,113,9551,7964,17515,1199,7886,1880,0,,
Doncaster East and the Isle of Axholme,Lab gain from Con,Lab,Con,70154,39132,134,2311,12811,15122,1166,8487,1400,0,,
Doncaster North,Lab hold,Lab,Con,69759,31002,475,9126,7105,16231,1045,0,1778,0,,
Dorking and Horley,LD gain from Con,LD,Con,71645,49965,168,5391,15530,4053,20921,6898,2563,0,,
Dover and Deal,Lab gain from Con,Lab,RUK,76406,47775,185,7585,10370,18940,2595,11355,3106,0,,
Droitwich and Evesham,Con hold,Con,Lab,76624,49609,177,8995,19975,10980,5131,9456,3828,0,,
Dudley,Lab gain from Con,Lab,Con,70151,35796,110,1900,10315,12215,1056,9442,1154,0,,
Dulwich and West Norwood,Lab hold,Lab,Green,79894,45378,227,18789,3873,27356,3485,1801,8567,0,,
Dumfries and Galloway,Con hold,Con,SNP,78541,45775,162,930,13527,11767,2092,4313,1249,12597,,
"Dumfriesshire, Clydesdale and Tweeddale",Con hold,Con,SNP,71900,44214,133,4242,14999,10140,2800,3822,1488,10757,,
Dundee Central,SNP hold,SNP,Lab,74221,38848,153,675,1569,14869,2402,2363,0,15544,,
Dunfermline and Dollar,Lab gain from SNP,Lab,SNP,72824,44537,140,8241,3297,20336,3181,2887,2078,12095,,
Dunstable and Leighton Buzzard,Lab gain from Con,Lab,Con,76742,46045,171,667,14309,14976,6497,8071,2115,0,,
Dwyfor Meirionnydd,PC hold,PC,Lab,73040,40395,215,15876,4712,5912,1381,4857,1448,0,,
Ealing Central and Acton,Lab hold,Lab,Con,78436,47769,254,13995,8345,22340,6056,3105,5444,0,,
Ealing North,Lab hold,Lab,Con,74820,43232,198,12519,8144,20663,2543,3948,4056,0,,
Ealing Southall,Lab hold,Lab,Con,78669,46816,214,15793,7207,23000,2832,2585,4356,0,,
Earley and Woodley,Lab gain from Con,Lab,Con,73548,45914,572,848,17361,18209,6142,0,3418,0,,
Easington,Lab hold,Lab,RUK,69395,34324,72,6542,3753,16774,811,10232,1173,0,,
East Antrim,DUP hold,DUP,APNI,73302,39675,142,1306,0,0,0,0,568,0,,
East Grinstead and Uckfield,Con hold,Con,LD,75385,50393,471,8480,19319,10440,10839,0,5277,0,,
East Ham,Lab hold,Lab,Ind,79219,37892,173,12863,3876,19570,1210,1340,4226,0,,
East Hampshire,Con hold,Con,LD,70659,50006,157,1275,18509,4867,17234,6476,2404,0,,
East Kilbride and Strathaven,Lab gain from SNP,Lab,SNP,76414,46707,131,9057,3547,22682,1074,3377,1811,13625,,
East Londonderry,DUP hold,DUP,SF,75707,41277,158,179,187,0,0,0,445,0,,
East Renfrewshire,Lab gain from SNP,Lab,SNP,74626,50227,141,8421,8494,21935,1150,2360,1510,13514,,
East Surrey,Con hold,Con,Lab,73307,49196,208,7450,17502,10052,8833,8380,2957,0,,
East Thanet,Lab gain from Con,Lab,Con,74927,42713,167,6971,10083,17054,1365,8591,4590,0,,
East Wiltshire,Con hold,Con,Lab,74139,47193,167,4716,16849,12133,8204,7885,1844,0,,
East Worthing and Shoreham,Lab gain from Con,Lab,Con,74738,49078,181,9519,12601,22120,3180,7169,3246,0,,
Eastbourne,LD gain from Con,LD,Con,72590,45605,159,12204,11538,2689,23742,6061,1421,0,,
Eastleigh,LD gain from Con,LD,Con,69965,46420,130,1546,14424,7005,15970,6151,2403,0,,
Edinburgh East and Musselburgh,Lab gain from SNP,Lab,SNP,76188,45575,206,3715,2598,18790,1949,2129,4669,15075,,
Edinburgh North and Leith,Lab gain from SNP,Lab,SNP,78411,49475,173,7268,3254,20805,3879,1818,5417,13537,,
Edinburgh South,Lab hold,Lab,SNP,70838,46826,125,17251,4001,24976,2746,1845,4270,7725,,
Edinburgh South West,Lab gain from SNP,Lab,SNP,73784,45664,147,6217,5558,18663,3014,2087,3450,12446,,
Edinburgh West,LD hold,LD,SNP,76490,52471,137,16470,2897,7854,26645,2209,2100,10175,,
Edmonton and Winchmore Hill,Lab hold,Lab,Con,75792,41045,204,12632,7888,20520,2721,3501,3681,0,,
Ellesmere Port and Bromborough,Lab hold,Lab,RUK,70799,41964,153,16908,5210,24186,2328,7278,2706,0,,
Eltham and Chislehurst,Lab gain from Con,Lab,Con,73979,45566,192,8429,11640,20069,2423,7428,3079,0,,
Ely and East Cambridgeshire,LD gain from Con,LD,Con,79112,52369,155,495,16632,9160,17127,6443,2359,0,,
Enfield North,Lab hold,Lab,Con,78770,43492,159,12736,8632,21368,2517,5146,3713,0,,
Epping Forest,Con hold,Con,Lab,72229,41753,793,5682,18038,12356,5268,0,2486,0,,
Epsom and Ewell,LD gain from Con,LD,Con,76513,54525,172,3686,16988,8325,20674,5795,1745,0,,
Erewash,Lab gain from Con,Lab,Con,71501,43006,175,5859,11365,17224,2426,9162,2478,0,,
Erith and Thamesmead,Lab hold,Lab,RUK,78740,40379,157,16302,5564,22246,1872,5944,3482,0,,
Esher and Walton,LD gain from Con,LD,Con,74042,53880,157,12003,16312,2846,28315,4777,1396,0,,
Exeter,Lab hold,Lab,Con,67840,40195,180,11937,6288,18225,4201,4914,5907,0,,
Exmouth and Exeter East,Con hold,Con,Lab,79983,51316,151,121,14728,14607,11387,7085,2331,0,,
Falkirk,Lab gain from SNP,Lab,SNP,73584,42625,131,4996,3576,18343,1092,3375,1711,13347,,
Fareham and Waterlooville,Con hold,Con,Lab,76947,50123,168,6079,17561,11482,9533,9084,2036,0,,
Farnham and Bordon,Con hold,Con,LD,75920,53015,197,1349,18951,7328,17602,6217,2496,0,,
Faversham and Mid Kent,Con hold,Con,Lab,74301,46594,172,1469,14816,13347,4158,9884,4218,0,,
Feltham and Heston,Lab hold,Lab,Con,76982,38887,165,7944,8195,16139,1821,5130,2543,0,,
Fermanagh and South Tyrone,SF hold,SF,UUP,77828,51076,260,4571,0,0,0,0,0,0,,
Filton and Bradley Stoke,Lab gain from Con,Lab,Con,77582,50367,152,10000,12905,22905,3596,6819,4142,0,,
Finchley and Golders Green,Lab gain from Con,Lab,Con,77500,49289,202,4581,17276,21857,3375,2598,3107,0,,
Folkestone and Hythe,Lab gain from Con,Lab,Con,70056,43246,146,3729,11291,15020,1736,10685,3954,0,,
Forest of Dean,Lab gain from Con,Lab,Con,72857,48091,233,278,16095,16373,2604,8194,4735,0,,
Foyle,SDLP hold,SDLP,SF,73496,38358,310,4166,0,0,0,0,0,0,,
Frome and East Somerset,LD gain from Con,LD,Con,71593,46716,143,5415,11165,6416,16580,6441,5083,0,,
Fylde,Con hold,Con,Lab,77100,47960,145,561,15917,15356,2120,8295,1560,0,,
Gainsborough,Con hold,Con,Lab,75836,46685,177,3532,16636,13104,5001,9916,1832,0,,
Gateshead Central and Whickham,Lab hold,Lab,RUK,69827,40217,140,9644,4628,18245,4987,8601,3217,0,,
Gedling,Lab gain from Con,Lab,Con,77006,48722,176,11881,11397,23278,2473,8211,3122,0,,
Gillingham and Rainham,Lab gain from Con,Lab,Con,73523,41140,138,3972,11590,15562,2248,8792,2318,0,,
Glasgow East,Lab gain from SNP,Lab,SNP,68987,35445,143,3784,1707,15543,872,2371,2727,11759,,
Glasgow North,Lab gain from SNP,Lab,SNP,67579,34739,166,3539,1366,14655,1142,1655,4233,11116,,
Glasgow North East,Lab gain from SNP,Lab,SNP,72610,34091,81,4637,1182,15639,592,2272,2471,11002,,
Glasgow South,Lab gain from SNP,Lab,SNP,70219,42378,144,4154,1617,17696,1316,1736,5554,13542,,
Glasgow South West,Lab gain from SNP,Lab,SNP,68871,35669,51,3285,1387,15552,958,2236,2727,12267,,
Glasgow West,Lab gain from SNP,Lab,SNP,69028,39902,186,6446,1720,18621,1316,2098,3662,12175,,
Glastonbury and Somerton,LD gain from Con,LD,Con,73268,47642,203,6611,13753,3111,20364,7678,2736,0,,
Glenrothes and Mid Fife,Lab gain from SNP,Lab,SNP,70655,36139,124,2954,1973,15994,1604,3528,0,13040,,
Gloucester,Lab gain from Con,Lab,Con,79475,45692,144,3431,13041,16472,4759,7307,2307,0,,
Godalming and Ash,Con hold,Con,LD,75816,54696,138,891,23293,2748,22402,4815,1243,0,,
Goole and Pocklington,Con hold,Con,Lab,79925,49742,165,3572,18981,15409,3380,9054,2451,0,,
Gordon and Buchan,Con hold,Con,SNP,69605,43848,166,878,14418,4686,7307,3897,0,13540,,
Gorton and Denton,Lab hold,Lab,RUK,76524,36560,175,13413,2888,18555,1399,5142,4810,0,,
Gosport,Con hold,Con,Lab,73261,44277,134,6054,17830,11776,4039,7983,1948,0,,
Gower,Lab hold,Lab,Con,76123,47229,160,11567,8913,20480,2593,8530,2488,0,,
Grantham and Bourne,Con hold,Con,Lab,73285,46125,150,4496,16770,12274,2027,9393,2570,0,,
Gravesham,Lab gain from Con,Lab,Con,73094,43232,134,2712,13911,16623,1534,8910,2254,0,,
Great Grimsby and Cleethorpes,Lab gain from Con,Lab,RUK,76157,36619,97,4803,8269,15336,1036,10533,1115,0,,
Great Yarmouth,RUK gain from Con,RUK,Lab,73317,40748,121,1426,10034,12959,1102,14385,1736,0,,
Greenwich and Woolwich,Lab hold,Lab,Green,73073,42719,221,18366,4863,23999,3865,3305,5633,0,,
Guildford,LD gain from Con,LD,Con,70662,48294,162,8429,14508,3931,22937,4395,2268,0,,
Hackney North and Stoke Newington,Lab hold,Lab,Green,77812,40959,254,15080,3457,24355,1562,1283,9275,0,,
Hackney South and Shoreditch,Lab hold,Lab,Green,78277,41701,213,14737,2076,24724,1996,1601,9987,0,,
Halesowen,Lab gain from Con,Lab,Con,68549,38578,142,4364,10659,15023,2261,8484,2151,0,,
Halifax,Lab hold,Lab,Con,77516,40214,149,6269,7866,14135,2359,7811,4133,0,,
Hamble Valley,Con hold,Con,LD,79478,54004,187,4802,19671,8753,14869,8216,2310,0,,
Hamilton and Clyde Valley,Lab gain from SNP,Lab,SNP,75480,42084,183,9472,4589,21020,1511,3299,0,11548,,
Hammersmith and Chiswick,Lab hold,Lab,Con,75860,46021,260,15290,8783,24073,4292,2929,4468,0,,
Hampstead and Highgate,Lab hold,Lab,Con,80029,48550,238,14970,8462,23432,6181,2940,6630,0,,
"Harborough, Oadby and Wigston",Con hold,Con,Lab,77075,50386,191,2378,18614,16236,4732,6332,4269,0,,
Harlow,Lab gain from Con,Lab,Con,74683,43357,117,2504,13809,16313,1350,9461,2267,0,,
Harpenden and Berkhamsted,LD gain from Con,LD,Con,72242,54336,188,10708,16574,4061,27282,4245,1951,0,,
Harrogate and Knaresborough,LD gain from Con,LD,Con,77955,52064,125,8238,15738,4153,23976,5679,1762,0,,
Harrow East,Con hold,Con,Lab,76513,47777,204,11680,25466,13786,1511,2188,2006,0,,
Harrow West,Lab hold,Lab,Con,79902,45241,150,6642,13191,19833,2404,2639,2438,0,,
Hartlepool,Lab hold,Lab,RUK,71437,35511,88,7698,7767,16414,572,8716,834,0,,
Harwich and North Essex,Con hold,Con,Lab,76296,48043,195,1162,16522,15360,3561,9806,2794,0,,
Hastings and Rye,Lab gain from Con,Lab,Con,75939,45990,183,8653,10481,19134,2586,7401,5761,0,,
Havant,Con hold,Con,Lab,72323,42186,133,92,12986,12894,3275,9959,2861,0,,
Hayes and Harlington,Lab hold,Lab,Con,74405,38315,118,12031,8374,20405,1316,4114,2131,0,,
Hazel Grove,LD gain from Con,LD,Lab,72846,45998,170,6500,9011,10828,17328,6955,1763,0,,
Hemel Hempstead,Lab gain from Con,Lab,Con,71035,44108,168,4857,11987,16844,5096,7689,2492,0,,
Hendon,Lab gain from Con,Lab,Con,74865,41256,190,15,15840,15855,1966,3038,2667,0,,
Henley and Thame,LD gain from Con,LD,Con,73749,53157,174,6267,17637,3574,23904,5213,2008,0,,
Hereford and South Herefordshire,Con hold,Con,Lab,72203,45572,154,1279,14871,13592,5325,8395,3175,0,,
Herne Bay and Sandwich,Con hold,Con,Lab,77869,48827,196,2499,17243,14744,2709,10602,3529,0,,
Hertford and Stortford,Lab gain from Con,Lab,Con,78915,54009,203,4748,16060,20808,4167,8325,4373,0,,
Hertsmere,Con hold,Con,Lab,73465,48007,204,7992,21451,13459,3710,6584,2267,0,,
Hexham,Lab gain from Con,Lab,Con,76431,51828,433,3713,20275,23988,2376,0,2467,0,,
Heywood and Middleton North,Lab hold,Lab,RUK,73328,37130,146,6082,6423,15069,2302,8987,0,0,,
High Peak,Lab gain from Con,Lab,Con,74385,49206,178,7908,14625,22533,1707,6959,3382,0,,
Hinckley and Bosworth,Con hold,Con,LD,76438,47799,147,5408,17032,8601,11624,8817,1514,0,,
Hitchin,Lab gain from Con,Lab,Con,75877,52510,179,8109,14958,23067,4913,6760,2631,0,,
Holborn and St Pancras,Lab hold,Lab,Ind,71300,38602,223,11572,2776,18884,2236,2371,4030,0,,
Honiton and Sidmouth,LD gain from Con,LD,Con,75537,50655,137,6700,16307,2947,23007,6289,1394,0,,
Hornchurch and Upminster,Con hold,Con,RUK,75438,46911,125,1943,15260,12939,2381,13317,2620,0,,
Hornsey and Friern Barnet,Lab hold,Lab,Green,69885,48642,287,21475,4011,28535,6099,1989,7060,0,,
Horsham,LD gain from Con,LD,Con,79150,55499,225,2517,19115,5979,21632,6116,2137,0,,
Houghton and Sunderland South,Lab hold,Lab,RUK,78448,40032,101,7169,5514,18837,2290,11668,1723,0,,
Hove and Portslade,Lab hold,Lab,Green,74063,51909,247,19791,6630,27209,3046,4558,7418,0,,
Huddersfield,Lab hold,Lab,Green,77795,40165,147,4533,6559,15101,1741,6196,10568,0,,
Huntingdon,Con hold,Con,Lab,79074,52040,194,1499,18257,16758,4821,8039,3042,0,,
Hyndburn,Lab gain from Con,Lab,Con,67147,36374,149,1687,10499,12186,1210,7541,4938,0,,
Ilford North,Lab hold,Lab,Ind,78657,46888,121,528,9619,15647,1088,3621,1794,0,,
Ilford South,Lab hold,Lab,Ind,80993,41170,167,6894,6142,16537,1340,2329,3437,0,,
Inverclyde and Renfrewshire West,Lab gain from SNP,Lab,SNP,70126,40350,101,6371,2863,18931,1259,2476,1173,12560,,
"Inverness, Skye and West Ross-shire",LD gain from SNP,LD,SNP,77927,48056,168,2160,2502,6246,18159,2934,2038,15999,,
Ipswich,Lab gain from Con,Lab,Con,75396,44071,167,7403,11696,19099,2241,7027,3652,0,,
Isle of Wight East,Con hold,Con,RUK,55855,34078,71,3323,10427,6264,3550,7104,6313,0,,
Isle of Wight West,Lab gain from Con,Lab,Con,55406,34290,78,3177,10063,13240,2726,5834,2310,0,,
Islington North,Ind gain from Lab,Ind,Lab,72852,49006,189,7247,1950,16873,1661,1710,2660,0,,
Islington South and Finsbury,Lab hold,Lab,Green,74122,42754,235,15455,3584,22946,4045,3388,7491,0,,
Jarrow and Gateshead East,Lab hold,Lab,RUK,70272,36728,85,8964,3354,18856,1740,9892,2384,0,,
Keighley and Ilkley,Con hold,Con,Lab,74367,46186,175,1625,18589,16964,970,4782,2447,0,,
Kenilworth and Southam,Con hold,Con,Lab,74923,53320,184,6574,19395,12821,10464,6920,3125,0,,
Kensington and Bayswater,Lab hold,Lab,Con,77306,41908,213,2903,14122,17025,2910,2514,2732,0,,
Kettering,Lab gain from Con,Lab,Con,79360,50231,152,3820,14189,18009,1357,8468,7004,0,,
Kilmarnock and Loudoun,Lab gain from SNP,Lab,SNP,74628,42478,134,5119,3527,19055,850,3472,1237,13936,,
Kingston and Surbiton,LD hold,LD,Con,77353,50664,149,17235,8635,6561,25870,4787,3009,0,,
Kingston upon Hull East,Lab hold,Lab,RUK,70650,29816,88,3920,2715,13047,3252,9127,1675,0,,
Kingston upon Hull North and Cottingham,Lab hold,Lab,RUK,75280,38228,137,10679,4897,18480,3246,7801,2322,0,,
Kingston upon Hull West and Haltemprice,Lab gain from Con,Lab,RUK,73252,38178,116,8979,6924,17875,2625,8896,1748,0,,
Kingswinford and South Staffordshire,Con hold,Con,Lab,71645,45180,146,6303,18199,11896,2080,9928,2077,0,,
Knowsley,Lab hold,Lab,RUK,71964,36047,88,18319,1496,24243,1232,5924,2772,0,,
Lagan Valley,APNI gain from DUP,APNI,DUP,82201,49081,162,2959,0,0,0,0,433,0,,
Lancaster and Wyre,Lab gain from Con,Lab,Con,74760,43008,199,9253,10062,19315,1529,6866,5236,0,,
Leeds Central and Headingley,Lab hold,Lab,Green,70554,31595,135,8422,2237,15853,2611,2399,7431,0,,
Leeds East,Lab hold,Lab,RUK,76207,39388,129,11265,6898,18610,1445,7345,3506,0,,
Leeds North East,Lab hold,Lab,Con,70178,45167,221,16083,7177,23260,2168,3426,5911,0,,
Leeds North West,Lab gain from Con,Lab,Con,71592,49777,176,11896,10986,22882,5641,5935,3231,0,,
Leeds South,Lab hold,Lab,Green,75953,31678,473,11279,4172,17117,1340,0,5838,0,,
Leeds South West and Morley,Lab gain from Con,Lab,Con,71854,40209,114,8423,9258,17681,1798,8187,2522,0,,
Leeds West and Pudsey,Lab hold,Lab,Con,70069,38494,121,12392,6584,18976,1743,6281,3794,0,,
Leicester East,Con gain from Lab,Con,Lab,76560,46714,255,4426,14526,10100,6329,2611,2143,0,,
Leicester South,Ind gain from Lab,Ind,Lab,70867,41837,158,979,4820,13760,1425,2470,3826,0,,
Leicester West,Lab hold,Lab,Con,74102,35397,161,8777,7021,15798,2179,5666,4089,0,,
Leigh and Atherton,Lab gain from Con,Lab,RUK,79978,41170,147,8881,6483,19971,1597,11090,1653,0,,
Lewes,LD gain from Con,LD,Con,76166,53173,171,12624,14271,3574,26895,6335,1869,0,,
Lewisham East,Lab hold,Lab,Green,73380,40637,192,18073,4401,23646,2471,3469,5573,0,,
Lewisham North,Lab hold,Lab,Green,74205,44167,262,15782,2701,25467,3284,2000,9685,0,,
Lewisham West and East Dulwich,Lab hold,Lab,Green,69386,46414,213,18397,3477,27406,3558,2234,9009,0,,
Leyton and Wanstead,Lab hold,Lab,Green,71491,43732,208,13964,4846,20755,2815,2475,6791,0,,
Lichfield,Lab gain from Con,Lab,Con,76118,49104,159,810,16422,17232,3572,9734,1724,0,,
Lincoln,Lab gain from Con,Lab,Con,72315,42160,165,8793,9677,18470,2580,7602,2751,0,,
Liverpool Garston,Lab hold,Lab,RUK,69282,41993,155,20104,2943,24510,3239,4406,2816,0,,
Liverpool Riverside,Lab hold,Lab,Green,71380,32381,156,14793,1155,20039,1544,3272,5246,0,,
Liverpool Walton,Lab hold,Lab,RUK,69317,36886,132,20245,1282,26032,945,5787,2388,0,,
Liverpool Wavertree,Lab hold,Lab,Green,70581,39815,231,16304,1887,23077,2759,3454,6773,0,,
Liverpool West Derby,Lab hold,Lab,RUK,69934,38006,162,20423,1566,25302,1276,4879,2647,0,,
Livingston,Lab gain from SNP,Lab,SNP,78043,44840,121,3528,3469,18324,2025,3977,1704,14796,,
Llanelli,Lab hold,Lab,RUK,71538,40744,124,1504,4275,12751,1254,11247,1106,0,,
Lothian East,Lab gain from SNP,Lab,SNP,75456,48102,132,13265,5535,23555,2649,3039,2477,10290,,
Loughborough,Lab gain from Con,Lab,Con,68961,42259,177,4960,12289,17249,2561,7204,2956,0,,
Louth and Horncastle,Con hold,Con,RUK,76880,46479,131,5506,17441,10475,2364,11935,2504,0,,
Lowestoft,Lab gain from Con,Lab,Con,74332,41824,101,2016,12448,14464,1489,10328,3095,0,,
Luton North,Lab hold,Lab,Con,74866,38745,162,7510,7167,14677,1890,4666,1940,0,,
Luton South and South Bedfordshire,Lab hold,Lab,Con,77312,38382,176,6858,6735,13593,2400,4759,2401,0,,
Macclesfield,Lab gain from Con,Lab,Con,76416,52792,143,9120,15552,24672,2482,6592,2493,0,,
Maidenhead,LD gain from Con,LD,Con,75687,50329,516,2963,18932,5766,21895,0,1996,0,,
Maidstone and Malling,Con hold,Con,Lab,76449,46389,131,1674,14146,12472,6375,9316,3727,0,,
Makerfield,Lab hold,Lab,RUK,76641,40263,135,5399,4379,18202,2735,12803,1776,0,,
Maldon,Con hold,Con,RUK,78282,49841,199,6906,19374,9817,5882,12468,2300,0,,
Manchester Central,Lab hold,Lab,Green,85204,39725,181,13797,2823,20184,3051,4760,6387,0,,
Manchester Rusholme,Lab hold,Lab,Green,72608,29033,193,8235,1678,15054,0,1313,6819,0,,
Manchester Withington,Lab hold,Lab,Green,70555,41731,240,13982,2280,22066,5412,1961,8084,0,,
Mansfield,Lab gain from Con,Lab,Con,74535,41087,114,3485,12563,16048,799,9385,1326,0,,
Melksham and Devizes,LD gain from Con,LD,Con,73482,51203,203,2401,17630,4587,20031,6726,2229,0,,
Melton and Syston,Con hold,Con,Lab,74316,45986,163,5396,17526,12130,2547,8945,3685,0,,
Meriden and Solihull East,Con hold,Con,Lab,73659,44035,161,4584,16792,12208,3353,8753,2929,0,,
Merthyr Tydfil and Aberdare,Lab hold,Lab,RUK,74460,35215,115,7447,2687,15791,1276,8344,1231,0,,
Mid and South Pembrokeshire,Lab gain from Con,Lab,Con,79033,46629,147,1878,14627,16505,2372,7828,1654,0,,
Mid Bedfordshire,Con hold,Con,Lab,75457,49621,179,1321,16912,15591,4068,8594,2584,0,,
Mid Buckinghamshire,Con hold,Con,LD,75622,53951,231,5872,20150,9171,14278,6926,2942,0,,
Mid Cheshire,Lab gain from Con,Lab,Con,70384,41509,115,8927,9530,18457,2465,7967,1967,0,,
Mid Derbyshire,Lab gain from Con,Lab,Con,69917,47543,153,1878,15468,17346,2361,8356,3547,0,,
Mid Dorset and North Poole,LD gain from Con,LD,Con,75294,49514,798,1352,20090,4566,21442,0,2355,0,,
Mid Dunbartonshire,LD gain from SNP,LD,SNP,73603,52738,132,9673,2452,10993,22349,2099,1720,12676,,
Mid Leicestershire,Con hold,Con,Lab,75924,48050,181,2201,17735,15534,2444,8923,3414,0,,
Mid Norfolk,Con hold,Con,Lab,75238,45897,222,3054,16770,13716,3126,9427,2858,0,,
Mid Sussex,LD gain from Con,LD,Con,75969,53328,145,6662,14474,9397,21136,5921,2048,0,,
Mid Ulster,SF hold,SF,DUP,74000,45445,246,14923,0,0,0,0,0,0,,
Middlesbrough and Thornaby East,Lab hold,Lab,RUK,75123,34407,92,9192,6174,16238,1037,7046,1522,0,,
Middlesbrough South and East Cleveland,Lab gain from Con,Lab,Con,70331,38035,529,214,16254,16468,2032,0,1446,0,,
Midlothian,Lab gain from SNP,Lab,SNP,73554,44165,162,8167,3248,21480,2589,3276,0,13313,,
Milton Keynes Central,Lab gain from Con,Lab,Con,81078,47729,201,7291,12918,20209,4931,6245,3226,0,,
Milton Keynes North,Lab gain from Con,Lab,Con,70709,45977,184,5430,13888,19318,3365,6164,3242,0,,
Mitcham and Morden,Lab hold,Lab,Con,77282,45255,182,18761,6324,25085,3622,4135,4635,0,,
Monmouthshire,Lab gain from Con,Lab,Con,74823,50844,154,3338,17672,21010,2279,5438,2357,0,,
Montgomeryshire and Glyndŵr,Lab gain from Con,Lab,RUK,74039,43259,193,3815,7775,12709,6470,8894,1744,0,,
"Moray West, Nairn and Strathspey",SNP hold,SNP,Con,77243,46554,167,1001,13960,8259,3785,3490,1676,14961,,
Morecambe and Lunesdale,Lab gain from Con,Lab,Con,76424,48059,171,5815,13788,19603,4769,7810,2089,0,,
"Motherwell, Wishaw and Carluke",Lab gain from SNP,Lab,SNP,71777,39026,125,7085,2415,19168,822,3004,1200,12083,,
Na h-Eileanan an Iar,Lab gain from SNP,Lab,SNP,21325,13528,53,3836,647,6692,382,697,0,2856,,
Neath and Swansea East,Lab hold,Lab,RUK,76291,40137,132,6627,3765,16797,2344,10170,1711,0,,
New Forest East,Con hold,Con,Lab,70618,45230,146,8495,17412,8917,7198,7646,3118,0,,
New Forest West,Con hold,Con,Lab,68644,46337,152,5600,16412,10812,8186,7577,2800,0,,
Newark,Con hold,Con,Lab,79783,53459,198,3572,20968,17396,3026,8280,2345,0,,
Newbury,LD gain from Con,LD,Con,71982,48930,173,2377,17268,3662,19645,5357,2714,0,,
Newcastle upon Tyne Central and West,Lab hold,Lab,RUK,76822,41355,167,11060,4228,18875,1946,7815,3228,0,,
Newcastle upon Tyne East and Wallsend,Lab hold,Lab,RUK,76245,42321,123,12817,3522,21200,2965,8383,5257,0,,
Newcastle upon Tyne North,Lab hold,Lab,Con,74768,48617,197,17762,6678,24440,5936,5933,5035,0,,
Newcastle-under-Lyme,Lab gain from Con,Lab,Con,67815,39618,158,5069,10923,15992,1987,8865,1851,0,,
Newport East,Lab hold,Lab,RUK,76683,38531,154,9009,6487,16370,2045,7361,2092,0,,
Newport West and Islwyn,Lab hold,Lab,RUK,75785,41951,163,8868,6710,17409,2087,8541,2078,0,,
Newry and Armagh,SF hold,SF,SDLP,78244,45942,294,15493,83,0,0,0,0,0,,
Newton Abbot,LD gain from Con,LD,Con,73885,47992,158,2246,12955,7115,15201,8494,2083,0,,
Newton Aycliffe and Spennymoor,Lab gain from Con,Lab,RUK,72215,39846,79,8839,8195,18394,1491,9555,1701,0,,
Normanton and Hemsworth,Lab hold,Lab,RUK,75645,36349,137,6662,4995,17275,1319,10613,2147,0,,
North Antrim,TUV gain from DUP,TUV,DUP,74697,41185,176,450,0,0,0,0,0,0,,
North Ayrshire and Arran,Lab gain from SNP,Lab,SNP,72176,42262,161,3551,5954,16821,1005,3415,1327,13270,,
North Bedfordshire,Con hold,Con,Lab,78850,51561,210,5414,19981,14567,5553,8433,3027,0,,
North Cornwall,LD gain from Con,LD,Con,76741,51245,47,9957,14137,2958,24094,8444,1335,0,,
North Cotswolds,Con hold,Con,LD,73203,50229,188,3357,17426,8593,14069,6502,3191,0,,
North Devon,LD gain from Con,LD,Con,79079,51417,132,6744,15076,3216,21820,8137,2348,0,,
North Dorset,Con hold,Con,LD,72690,49683,153,1589,18208,4370,16619,7894,2082,0,,
North Down,Ind gain from APNI,Ind,APNI,73885,43296,168,7305,0,0,0,0,1247,0,,
North Durham,Lab hold,Lab,RUK,73226,41565,162,5873,6492,16562,4208,10689,2366,0,,
North East Cambridgeshire,Con hold,Con,RUK,71511,39176,145,7189,16246,8008,2716,9057,2001,0,,
North East Derbyshire,Lab gain from Con,Lab,Con,73234,45866,120,1753,15838,17591,2159,7899,2271,0,,
North East Fife,LD gain from SNP,LD,SNP,69762,42728,147,13479,1666,4026,23384,2094,1653,9905,,
North East Hampshire,LD gain from Con,LD,Con,76923,55560,143,634,20544,5057,21178,6673,1425,0,,
North East Hertfordshire,Lab gain from Con,Lab,Con,77697,52520,173,1923,16435,18358,5463,8462,3802,0,,
North East Somerset and Hanham,Lab gain from Con,Lab,Con,73889,51125,142,5319,15420,20739,3878,7424,3222,0,,
North Herefordshire,Green gain from Con,Green,Con,72797,50362,145,5894,15842,3205,1436,8048,21736,0,,
North Norfolk,LD gain from Con,LD,Con,71438,47043,138,2585,16903,2878,19488,6368,1406,0,,
North Northumberland,Lab gain from Con,Lab,Con,74190,48843,149,5067,12788,17855,5169,7688,1743,0,,
North Shropshire,LD gain from Con,LD,Con,77573,49594,120,15311,10903,3423,26214,7687,1234,0,,
North Somerset,Lab gain from Con,Lab,Con,74426,53766,177,639,18499,19138,7121,5602,3273,0,,
North Warwickshire and Bedworth,Lab gain from Con,Lab,Con,69752,40940,141,2198,12529,14727,1228,10701,1755,0,,
North West Cambridgeshire,Lab gain from Con,Lab,Con,75915,44424,184,39,14746,14785,3192,8741,2960,0,,
North West Essex,Con hold,Con,Lab,79698,54386,215,2610,19360,16750,6055,7668,2846,0,,
North West Hampshire,Con hold,Con,Lab,78629,50823,171,3288,17770,14482,7626,7734,2745,0,,
North West Leicestershire,Lab gain from Con,Lab,Con,77750,48572,137,1012,15859,16871,1629,9678,2831,0,,
North West Norfolk,Con hold,Con,Lab,74415,44566,187,4954,16097,11143,6492,8697,2137,0,,
Northampton North,Lab gain from Con,Lab,Con,75575,41813,138,9014,9195,18209,2251,7010,2558,0,,
Northampton South,Lab gain from Con,Lab,Con,70393,43904,159,4071,12819,16890,3193,8210,2398,0,,
Norwich North,Lab gain from Con,Lab,Con,73717,45765,185,10850,9944,20794,2073,8229,4372,0,,
Norwich South,Lab hold,Lab,Green,76296,45095,179,13239,5806,21484,3577,5227,8245,0,,
Nottingham East,Lab hold,Lab,Green,69395,36401,226,15162,3925,19494,1741,3578,4332,0,,
Nottingham North and Kimberley,Lab hold,Lab,RUK,73768,35007,200,9427,6787,16480,1336,7053,3351,0,,
Nottingham South,Lab hold,Lab,Con,64255,32879,164,10294,5285,15579,2059,4936,2923,0,,
Nuneaton,Lab gain from Con,Lab,Con,71843,41213,105,3479,11737,15216,1340,9059,2894,0,,
Old Bexley and Sidcup,Con hold,Con,Lab,73198,47633,126,3548,17910,14362,1927,10384,2601,0,,
Oldham East and Saddleworth,Lab hold,Lab,RUK,73460,40065,157,6357,6838,14091,3386,7734,1490,0,,
"Oldham West, Chadderton and Royton",Lab hold,Lab,Ind,76031,38573,199,4976,4066,13232,1271,6848,1857,0,,
Orkney and Shetland,LD hold,LD,SNP,34236,20688,106,7807,586,1493,11392,1586,2046,3585,,
Orpington,Con hold,Con,Lab,71284,46073,165,5118,17504,12386,4728,8896,2319,0,,
Ossett and Denby Dale,Lab gain from Con,Lab,Con,72312,43873,120,4542,12690,17232,1785,9224,2132,0,,
Oxford East,Lab hold,Lab,Green,71845,39341,390,14465,4739,19541,3437,0,5076,0,,
Oxford West and Abingdon,LD hold,LD,Con,69851,45998,196,14894,8520,5981,23414,4164,3236,0,,
Paisley and Renfrewshire North,Lab gain from SNP,Lab,SNP,71103,41519,144,6333,2659,19561,1374,3228,1469,13228,,
Paisley and Renfrewshire South,Lab gain from SNP,Lab,SNP,71574,41283,133,6527,2219,19583,1315,2956,1724,13056,,
Peckham,Lab hold,Lab,Green,72127,38797,226,15228,2276,22813,2724,1790,7585,0,,
Pendle and Clitheroe,Lab gain from Con,Lab,Con,78796,46754,158,902,15227,16129,2039,8171,1421,0,,
Penistone and Stocksbridge,Lab gain from Con,Lab,Con,70435,43965,167,8739,10430,19169,2866,9456,2044,0,,
Penrith and Solway,Lab gain from Con,Lab,Con,77935,49281,148,5257,14729,19986,4742,7624,1730,0,,
Perth and Kinross-shire,SNP hold,SNP,Con,77261,50077,142,4127,14801,9018,3681,2970,0,18928,,
Peterborough,Lab gain from Con,Lab,Con,73378,41872,143,118,13300,13418,1746,5379,2542,0,,
Plymouth Moor View,Lab gain from Con,Lab,Con,74724,42856,118,5604,12061,17665,1766,9670,1694,0,,
Plymouth Sutton and Devonport,Lab hold,Lab,RUK,75313,42095,193,13328,6873,20795,2441,7467,3186,0,,
"Pontefract, Castleford and Knottingley",Lab hold,Lab,RUK,74618,35957,123,6630,5406,17089,1213,10459,1651,0,,
Pontypridd,Lab hold,Lab,RUK,75951,39378,116,8402,3775,16225,1606,7823,1865,0,,
Poole,Lab gain from Con,Lab,Con,72509,44495,148,18,14150,14168,5507,7429,2218,0,,
Poplar and Limehouse,Lab hold,Lab,Green,84116,43051,316,12560,4738,18535,4189,3403,5975,0,,
Portsmouth North,Lab gain from Con,Lab,Con,70446,41593,148,780,13715,14495,3031,8501,1851,0,,
Portsmouth South,Lab hold,Lab,RUK,73711,38928,180,13155,5643,18857,4886,5702,3107,0,,
Preston,Lab hold,Lab,Ind,77400,39993,139,5291,5212,14006,3195,5738,1751,0,,
Putney,Lab hold,Lab,Con,72686,49295,218,12488,11625,24113,5943,3070,3721,0,,
Queen's Park and Maida Vale,Lab hold,Lab,Green,75558,38343,275,14913,5088,20126,3417,2106,5213,0,,
Rawmarsh and Conisbrough,Lab hold,Lab,RUK,69133,33904,109,6908,4496,16612,1137,9704,1687,0,,
Rayleigh and Wickford,Con hold,Con,RUK,76576,47978,166,5621,17756,11823,4068,12135,2196,0,,
Reading Central,Lab hold,Lab,Con,73600,45291,216,12637,8961,21598,3963,3904,6417,0,,
Reading West and Mid Berkshire,Lab gain from Con,Lab,Con,68781,46551,151,1361,14912,16273,5103,6260,3169,0,,
Redcar,Lab gain from Con,Lab,Con,70241,38209,103,3323,12340,15663,1542,7216,1279,0,,
Redditch,Lab gain from Con,Lab,Con,71042,42375,126,789,14021,14810,2165,8516,2098,0,,
Reigate,Con hold,Con,Lab,77102,53161,198,3187,18822,15635,6773,7240,4691,0,,
Rhondda and Ogmore,Lab hold,Lab,RUK,74493,35806,136,7790,2050,17118,935,9328,1177,0,,
Ribble Valley,Lab gain from Con,Lab,Con,80484,52023,181,856,17321,18177,5001,8524,1727,0,,
Richmond and Northallerton,Con hold,Con,Lab,73886,48526,99,12185,23059,10874,4322,7142,2058,0,,
Richmond Park,LD hold,LD,Con,74988,52205,218,17155,11373,5048,28528,3258,3416,0,,
Rochdale,Lab hold,Lab,WPB,72507,39688,95,1440,4273,13027,2816,6773,1212,0,,
Rochester and Strood,Lab gain from Con,Lab,Con,74257,42598,135,2930,12473,15403,1894,9966,2427,0,,
Romford,Con hold,Con,Lab,72928,44047,132,1463,15339,13876,1895,9624,2220,0,,
Romsey and Southampton North,Con hold,Con,LD,71871,50027,151,2191,19893,4640,17702,5716,1893,0,,
Rossendale and Darwen,Lab gain from Con,Lab,Con,74440,44618,138,5628,12619,18247,1241,9695,2325,0,,
Rother Valley,Lab gain from Con,Lab,Con,69459,41608,104,998,15025,16023,1175,7679,1706,0,,
Rotherham,Lab hold,Lab,RUK,75929,36932,364,5490,0,16671,2824,11181,2632,0,,
Rugby,Lab gain from Con,Lab,Con,74901,49004,196,4428,15105,19533,3252,8225,2556,0,,
"Ruislip, Northwood and Pinner",Con hold,Con,Lab,71683,47091,160,7581,21366,13785,4343,4671,2926,0,,
Runcorn and Helsby,Lab hold,Lab,RUK,70801,42235,171,14696,6756,22358,2149,7662,2715,0,,
Runnymede and Weybridge,Con hold,Con,LD,73610,48253,156,7627,18442,9963,10815,6419,1954,0,,
Rushcliffe,Lab gain from Con,Lab,Con,79160,57744,212,7426,17865,25291,3133,6353,4367,0,,
Rutherglen,Lab gain from SNP,Lab,SNP,72674,42484,129,8767,2420,21460,1714,2685,0,12693,,
Rutland and Stamford,Con hold,Con,Lab,71763,48577,170,10394,21248,10854,6252,7008,2806,0,,
Salford,Lab hold,Lab,RUK,83633,39704,185,15101,3583,21132,2752,6031,5188,0,,
Salisbury,Con hold,Con,Lab,71802,50173,174,3807,17110,13303,11825,5235,2115,0,,
Scarborough and Whitby,Lab gain from Con,Lab,Con,74544,44221,120,5408,12350,17758,1899,9657,1719,0,,
Scunthorpe,Lab gain from Con,Lab,Con,73855,39051,103,3542,11942,15484,942,8163,1218,0,,
Sefton Central,Lab hold,Lab,Con,74284,47449,225,18282,8490,26772,2630,5767,3294,0,,
Selby,Lab gain from Con,Lab,Con,78043,49222,161,10195,12593,22788,1792,9565,2484,0,,
Sevenoaks,Con hold,Con,LD,73708,49899,151,5440,18328,6802,12888,9341,2033,0,,
Sheffield Brightside and Hillsborough,Lab hold,Lab,Green,70389,31612,529,11600,4069,16301,1694,0,4701,0,,
Sheffield Central,Lab hold,Lab,Green,60594,31803,287,8286,2339,16569,2174,0,8283,0,,
Sheffield Hallam,Lab hold,Lab,LD,72900,51601,504,8189,6205,23875,15686,0,4491,0,,
Sheffield Heeley,Lab hold,Lab,Green,73452,38446,638,15304,5242,21230,3863,0,5926,0,,
Sheffield South East,Lab hold,Lab,Con,74156,35771,796,12458,6252,18710,3421,0,3158,0,,
Sherwood Forest,Lab gain from Con,Lab,Con,78896,48660,161,5443,13398,18841,1838,11320,2216,0,,
Shipley,Lab gain from Con,Lab,Con,74130,48303,147,8603,13135,21738,1341,7238,3605,0,,
Shrewsbury,Lab gain from Con,Lab,Con,76599,51560,195,11355,11577,22932,6722,7524,2387,0,,
Sittingbourne and Sheppey,Lab gain from Con,Lab,Con,79067,40998,90,355,11564,11919,1321,10512,1692,0,,
Skipton and Ripon,Con hold,Con,Lab,79238,53450,164,1650,18833,17183,4194,8516,3446,0,,
Sleaford and North Hykeham,Con hold,Con,Lab,75651,48565,196,4346,17348,13002,2264,10484,2435,0,,
Slough,Lab hold,Lab,INet,81295,43278,167,3647,7457,14666,2060,3352,1873,0,,
Smethwick,Lab hold,Lab,RUK,72863,35115,211,11188,4546,16858,1018,5670,2741,0,,
Solihull West and Shirley,Con hold,Con,Lab,71816,46877,151,4620,16284,11664,7916,7149,3270,0,,
South Antrim,UUP gain from DUP,UUP,DUP,77058,42908,181,7512,0,0,0,0,541,0,,
South Basildon and East Thurrock,RUK gain from Con,RUK,Lab,72673,39549,123,98,10159,12080,1071,12178,1718,0,,
South Cambridgeshire,LD gain from Con,LD,Con,77327,54885,228,10641,15063,6106,25704,4897,2656,0,,
South Cotswolds,LD gain from Con,LD,Con,71971,52287,163,4973,17988,3942,22961,5146,1564,0,,
South Derbyshire,Lab gain from Con,Lab,Con,73714,45737,153,4168,13566,17734,2134,8979,1941,0,,
South Devon,LD gain from Con,LD,Con,72261,49004,142,7127,15413,3066,22540,6363,1497,0,,
South Dorset,Lab gain from Con,Lab,Con,75924,49037,171,1048,14611,15659,8017,8168,2153,0,,
South Down,SF hold,SF,SDLP,76248,45243,228,9280,46,0,0,0,444,0,,
South East Cornwall,Lab gain from Con,Lab,Con,72654,49286,136,1911,13759,15670,8284,9311,1999,0,,
South Holland and The Deepings,Con hold,Con,RUK,78473,45930,133,6856,17462,9086,1945,10606,1800,0,,
South Leicestershire,Con hold,Con,Lab,78511,51359,183,5506,18264,12758,7621,10235,2481,0,,
South Norfolk,Lab gain from Con,Lab,Con,74006,49579,164,2826,14527,17353,5746,7583,3987,0,,
South Northamptonshire,Con hold,Con,Lab,78233,53697,187,3687,19191,15504,4989,8962,3040,0,,
South Ribble,Lab gain from Con,Lab,Con,73420,46720,170,6501,13339,19840,2972,8995,1574,0,,
South Shields,Lab hold,Lab,RUK,68366,36824,88,6653,4128,15122,1402,8469,5433,0,,
South Shropshire,Con hold,Con,LD,76677,51653,209,1624,17628,6939,16004,9171,1911,0,,
South Suffolk,Con hold,Con,Lab,74619,48801,183,3047,16082,13035,6424,9252,4008,0,,
South West Devon,Con hold,Con,Lab,77600,52242,119,2112,17916,15804,5551,9361,2925,0,,
South West Hertfordshire,Con hold,Con,LD,71737,48254,145,4456,16458,9637,12002,6790,2532,0,,
South West Norfolk,Lab gain from Con,Lab,Con,74724,44335,139,630,11217,11847,2618,9958,1838,0,,
South West Wiltshire,Con hold,Con,Lab,73071,46168,167,3243,15617,12374,7205,7840,2243,0,,
Southampton Itchen,Lab gain from Con,Lab,Con,68379,38053,124,6105,9677,15782,2684,6853,2793,0,,
Southampton Test,Lab hold,Lab,Con,65520,35805,160,9333,6612,15945,3252,5261,3594,0,,
Southend East and Rochford,Lab gain from Con,Lab,Con,70217,39656,145,4027,11368,15395,2269,7214,2716,0,,
Southend West and Leigh,Lab gain from Con,Lab,Con,75154,46968,163,1949,14790,16739,3174,8273,3262,0,,
Southgate and Wood Green,Lab hold,Lab,Con,77542,45671,256,15300,8037,23337,3925,3147,5607,0,,
Southport,Lab gain from Con,Lab,Con,73641,45059,127,5789,11463,17252,5868,7395,2159,0,,
Spelthorne,Con hold,Con,Lab,73782,46166,144,1590,14038,12448,8710,8284,2413,0,,
Spen Valley,Lab gain from Con,Lab,RUK,72642,41058,137,6188,9859,16076,1425,9888,2284,0,,
St Albans,LD hold,LD,Con,72739,51614,203,19834,9388,5189,29222,4336,3272,0,,
St Austell and Newquay,Lab gain from Con,Lab,Con,76076,46732,130,2470,13488,15958,4805,9212,2337,0,,
St Helens North,Lab hold,Lab,RUK,75483,40474,155,12169,4507,21284,1799,9115,3495,0,,
St Helens South and Whiston,Lab hold,Lab,RUK,71569,38035,85,11945,3057,18919,2199,6974,2642,0,,
St Ives,LD gain from Con,LD,Con,69978,48106,150,13786,11247,2788,25033,6492,1797,0,,
St Neots and Mid Cambridgeshire,LD gain from Con,LD,Con,78115,52882,138,4621,14896,6918,19517,5673,2663,0,,
Stafford,Lab gain from Con,Lab,Con,70608,46009,160,4595,13936,18531,1676,8612,2856,0,,
Staffordshire Moorlands,Con hold,Con,Lab,69892,43302,188,1175,15310,14135,1499,10065,2293,0,,
Stalybridge and Hyde,Lab hold,Lab,RUK,72265,37239,117,8539,6872,16320,1080,7781,2745,0,,
Stevenage,Lab gain from Con,Lab,Con,70976,42715,155,6618,11080,17698,3467,7667,2655,0,,
Stirling and Strathallan,Lab gain from SNP,Lab,SNP,76284,49782,242,1394,9469,16856,2530,3145,2320,15462,,
Stockport,Lab hold,Lab,RUK,76632,43683,185,15270,4967,21787,3724,6517,4865,0,,
Stockton North,Lab hold,Lab,RUK,70242,37401,125,7939,8028,17128,1133,9189,1923,0,,
Stockton West,Con hold,Con,Lab,71868,48638,114,2139,20372,18233,1203,6833,1477,0,,
Stoke-on-Trent Central,Lab gain from Con,Lab,RUK,73812,35289,137,6409,6221,14950,999,8541,1703,0,,
Stoke-on-Trent North,Lab gain from Con,Lab,Con,69854,36150,103,5082,9497,14579,911,8824,1236,0,,
Stoke-on-Trent South,Lab gain from Con,Lab,Con,70002,40942,120,627,13594,14221,1577,8851,1207,0,,
"Stone, Great Wyrley and Penkridge",Con hold,Con,Lab,71561,42770,727,5466,19880,14414,2952,0,2236,0,,
Stourbridge,Lab gain from Con,Lab,Con,68311,39878,113,3073,12265,15338,1607,7869,1732,0,,
Strangford,DUP hold,DUP,APNI,74525,38909,135,5131,146,0,0,0,703,0,,
Stratford and Bow,Lab hold,Lab,Green,80735,43435,287,11634,3114,19145,1926,2093,7511,0,,
Stratford-on-Avon,LD gain from Con,LD,Con,75714,52959,179,7122,16328,3753,23450,7753,1197,0,,
Streatham and Croydon North,Lab hold,Lab,Green,82829,44553,190,15603,5328,23232,5031,1994,7629,0,,
Stretford and Urmston,Lab hold,Lab,Con,75153,46002,168,16150,6492,22642,2216,5485,4398,0,,
Stroud,Lab gain from Con,Lab,Con,77905,55221,227,11388,14219,25607,2913,6329,5729,0,,
Suffolk Coastal,Lab gain from Con,Lab,Con,74522,49451,189,1070,14602,15672,6947,7850,4380,0,,
Sunderland Central,Lab hold,Lab,RUK,76145,39957,99,6073,5731,16852,3602,10779,2993,0,,
Surrey Heath,LD gain from Con,LD,Con,71934,47788,140,5640,15747,3148,21387,6252,1162,0,,
Sussex Weald,Con hold,Con,LD,72885,49175,190,6842,16758,8239,9916,8920,3762,0,,
Sutton and Cheam,LD gain from Con,LD,Con,72303,47606,139,3801,13775,8430,17576,5787,1721,0,,
Sutton Coldfield,Con hold,Con,Lab,74080,48333,172,2543,18502,15959,2587,8213,2419,0,,
Swansea West,Lab hold,Lab,RUK,74236,35657,130,8515,3536,14761,4367,6246,2305,0,,
Swindon North,Lab gain from Con,Lab,Con,73224,44165,124,4103,13827,17930,2086,7557,2366,0,,
Swindon South,Lab gain from Con,Lab,Con,72575,44794,147,9606,12070,21676,1843,6194,2539,0,,
Tamworth,Lab gain from Con,Lab,Con,75055,43788,116,1382,13956,15338,1451,11004,1579,0,,
Tatton,Con hold,Con,Lab,75978,51909,198,1136,19956,18820,4614,5948,2571,0,,
Taunton and Wellington,LD gain from Con,LD,Con,78680,50294,167,11939,12392,3552,24331,8053,1832,0,,
Telford,Lab gain from Con,Lab,RUK,73808,40730,148,8102,8728,18212,1560,10110,2120,0,,
Tewkesbury,LD gain from Con,LD,Con,73458,48539,150,6262,14468,4298,20730,6000,2873,0,,
The Wrekin,Con hold,Con,Lab,78942,50020,163,883,16320,15437,4757,9920,3028,0,,
Thirsk and Malton,Con hold,Con,Lab,78468,49797,169,7550,19544,11994,5379,8963,2986,0,,
Thornbury and Yate,LD gain from Con,LD,Con,78192,53367,148,3014,17801,5057,20815,7529,2165,0,,
Thurrock,Lab gain from Con,Lab,RUK,73392,37558,97,6474,8009,16050,1157,9576,1632,0,,
Tipton and Wednesbury,Lab gain from Con,Lab,Con,74098,31850,139,3385,8370,11755,592,8019,1509,0,,
Tiverton and Minehead,LD gain from Con,LD,Con,72087,47491,197,3507,14819,4325,18326,7787,2234,0,,
Tonbridge,Con hold,Con,Lab,72799,50328,150,11166,20517,9351,4234,7548,7596,0,,
Tooting,Lab hold,Lab,Con,76168,52943,255,19487,9722,29209,4438,2546,5672,0,,
Torbay,LD gain from Con,LD,Con,76185,46115,110,5349,13588,3276,18937,8660,1420,0,,
Torfaen,Lab hold,Lab,RUK,71738,35705,117,7322,5737,15176,1644,7854,1705,0,,
Torridge and Tavistock,Con hold,Con,LD,74727,50820,170,3950,16049,10765,12099,9152,2350,0,,
Tottenham,Lab hold,Lab,Green,75906,40148,250,15434,2320,23066,1928,1602,7632,0,,
Truro and Falmouth,Lab gain from Con,Lab,Con,72982,50264,163,8151,12632,20783,6552,6163,3470,0,,
Tunbridge Wells,LD gain from Con,LD,Con,78738,54250,191,8687,14974,6178,23661,6484,2344,0,,
Twickenham,LD hold,LD,Con,74980,53635,226,21457,8728,6693,30185,4092,3590,0,,
Tynemouth,Lab hold,Lab,Con,73194,48418,136,15455,9036,24491,2709,7392,3592,0,,
Upper Bann,DUP hold,DUP,SF,81249,47358,241,7406,0,0,0,0,0,0,,
Uxbridge and South Ruislip,Lab gain from Con,Lab,Con,74745,45914,175,587,16012,16599,1752,6610,4354,0,,
Vale of Glamorgan,Lab gain from Con,Lab,Con,74465,45826,139,4216,13524,17740,1612,6973,1881,0,,
Vauxhall and Camberwell Green,Lab hold,Lab,Green,77527,37536,261,15112,2809,21528,4549,2033,6416,0,,
Wakefield and Rothwell,Lab gain from Con,Lab,RUK,75067,40656,112,9346,7322,17773,3249,8427,2389,0,,
Wallasey,Lab hold,Lab,RUK,74082,42746,168,17996,4987,24674,1843,6678,3905,0,,
Walsall and Bloxwich,Lab gain from Con,Lab,Ind,74951,37191,141,4914,6679,12514,817,7293,2288,0,,
Walthamstow,Lab hold,Lab,Green,74474,45668,255,17996,2353,27172,1736,1836,9176,0,,
Warrington North,Lab hold,Lab,RUK,70601,40041,125,9190,6486,18730,2737,9540,1889,0,,
Warrington South,Lab hold,Lab,Con,78394,49672,192,11340,11861,23201,3829,7913,2313,0,,
Warwick and Leamington,Lab hold,Lab,Con,76294,49198,245,12412,11563,23975,3881,5154,4471,0,,
Washington and Gateshead South,Lab hold,Lab,RUK,70972,37021,100,6913,4654,17682,1602,10769,1687,0,,
Watford,Lab gain from Con,Lab,Con,73100,44455,192,4723,10985,15708,7577,4930,2428,0,,
Waveney Valley,Green gain from Con,Green,Con,73056,49072,131,5594,14873,4621,1214,7779,20467,0,,
Weald of Kent,Con hold,Con,Lab,75987,50712,257,8422,20202,11780,3975,10208,4547,0,,
Wellingborough and Rushden,Lab gain from Con,Lab,Con,77542,43985,145,5486,12248,17734,1570,9456,2704,0,,
Wells and Mendip Hills,LD gain from Con,LD,Con,73538,50368,149,11121,12501,3527,23622,6611,2068,0,,
Welwyn Hatfield,Lab gain from Con,Lab,Con,75259,48455,192,3799,16078,19877,3117,6397,2986,0,,
West Aberdeenshire and Kincardine,Con hold,Con,SNP,72994,48958,161,3441,17428,6397,6342,3497,1032,13987,,
West Bromwich,Lab gain from Con,Lab,Con,74025,36481,136,9554,7318,16872,1314,7101,2036,0,,
West Dorset,LD gain from Con,LD,Con,75998,52605,618,7789,19210,3086,26999,0,2288,0,,
West Dunbartonshire,Lab gain from SNP,Lab,SNP,69074,39584,123,6010,1474,19312,839,2770,1496,13302,,
West Ham and Beckton,Lab hold,Lab,NIP,78964,36348,149,9254,3781,16434,1606,2800,3897,0,,
West Lancashire,Lab hold,Lab,Con,74081,44200,224,13625,8680,22305,2043,7909,3263,0,,
West Suffolk,Con hold,Con,Lab,77145,46161,173,3247,15814,12567,4284,9623,2910,0,,
West Tyrone,SF hold,SF,DUP,74269,43695,262,15917,91,0,0,0,0,0,,
West Worcestershire,Con hold,Con,LD,79246,54687,191,6547,19783,8335,13236,7902,5068,0,,
Westmorland and Lonsdale,LD gain from Con,LD,Con,72029,49533,115,21472,9589,2306,31061,4842,1486,0,,
Weston-super-Mare,Lab gain from Con,Lab,Con,71396,42390,143,4409,11901,16310,3756,7735,2688,0,,
Wetherby and Easingwold,Con hold,Con,Lab,74314,52259,171,4846,20597,15751,3351,7288,4529,0,,
Whitehaven and Workington,Lab gain from Con,Lab,RUK,73198,41840,159,13286,8455,22173,1118,8887,1207,0,,
Widnes and Halewood,Lab hold,Lab,RUK,70161,38116,95,16425,3507,23484,1593,7059,2058,0,,
Wigan,Lab hold,Lab,RUK,77538,40899,124,9549,4310,19401,1692,9852,1629,0,,
Wimbledon,LD gain from Con,LD,Con,76334,54985,171,12610,12180,11733,24790,3221,2442,0,,
Winchester,LD gain from Con,LD,Con,78289,57076,185,13821,16118,3023,29939,4797,2740,0,,
Windsor,Con hold,Con,Lab,73334,45246,173,6457,16483,10026,9539,4660,2288,0,,
Wirral West,Lab hold,Lab,Con,72838,49951,187,9998,13158,23156,3055,6422,4160,0,,
Witham,Con hold,Con,Lab,78991,50603,171,5145,18827,13682,3439,9870,3539,0,,
Witney,LD gain from Con,LD,Con,75448,50584,158,4339,16493,4773,20832,6307,1661,0,,
Woking,LD gain from Con,LD,Con,72969,48145,171,11246,12773,4444,24019,4888,1853,0,,
Wokingham,LD gain from Con,LD,Con,75082,53999,199,8345,17398,3631,25743,5274,1953,0,,
Wolverhampton North East,Lab gain from Con,Lab,Con,70715,33289,107,5422,8860,14282,1002,7721,1424,0,,
Wolverhampton South East,Lab hold,Lab,RUK,77473,33382,129,9188,5654,16800,758,7612,1643,0,,
Wolverhampton West,Lab gain from Con,Lab,Con,77851,43657,153,7868,11463,19331,1376,6078,2550,0,,
Worcester,Lab gain from Con,Lab,Con,74931,46036,179,7116,11506,18622,3986,6723,4789,0,,
Worsley and Eccles,Lab hold,Lab,RUK,78643,42543,164,11091,6791,20277,1851,9186,3283,0,,
Worthing West,Lab gain from Con,Lab,Con,77039,50997,178,3949,16570,20519,2708,7562,3274,0,,
Wrexham,Lab gain from Con,Lab,Con,70269,40373,128,5948,9888,15836,1777,6915,1339,0,,
Wycombe,Lab gain from Con,Lab,Con,73415,44637,174,4591,11444,16035,4236,4769,2193,0,,
Wyre Forest,Con hold,Con,Lab,77329,45158,137,812,14489,13677,2809,9682,2443,0,,
Wythenshawe and Sale East,Lab hold,Lab,RUK,77767,39132,142,14610,5392,20596,1985,5986,4133,0,,
Yeovil,LD gain from Con,LD,Con,79918,48952,109,12268,11497,3002,23765,7677,2403,0,,
Ynys Môn,PC gain from Con,PC,Con,53141,32628,79,637,9953,7619,439,3223,604,0,,
York Central,Lab hold,Lab,Con,79557,43323,228,19154,5383,24537,3051,4721,5185,0,,
York Outer,Lab gain from Con,Lab,Con,76228,51106,184,9391,13770,23161,5496,5912,2212,0,,